키워드,제목,본문
강남 맛집,강남 맛집 : 네이버 검색,"메뉴 영역으로 바로가기
본문 영역으로 바로가기
NAVER
검색
한글 입력기
자동완성 레이어
사용자 링크
로그인
서비스 더보기
블로그
카페
이미지
클립
지식iN
인플루언서
동영상
쇼핑
뉴스
숏텐츠
어학사전
지도
도서
지식백과
학술정보
다음
더보기
공유
강남 맛집 검색 결과
플레이스플레이스 검색결과 안내
플레이스 플러스
안내
내 업체 등록
신규장소 등록
서울특별시 강남구
전체필터
영업중
포장주문
포장 주문으로 대기 없이 편하게!
실시간예약
쿠폰
미랑 선릉본점
별점
4.84
육류,고기요리
자연산 해담일식 대게마을
별점
4.75
일식당
복돈이 막회 물회 육회 해산물 역삼본점
생선회
82올리언즈 강남점
양식
파티세리 후르츠
카페,디저트
후라토식당 신사점
일식당
뱅뱅막국수
별점
4.68
국수
르봉구떼
브런치카페
3km
© NAVER Corp.
지도보기
지도 확대
지도 축소
고깃집
이탈리안레스토랑
주차
단체석
특별한메뉴
신선한
인테리어
넓은
혼밥
대화
회식
데이트
분위기좋은
사진맛집
새로오픈
이"
홍대 맛집,홍대 맛집 : 네이버 검색,"메뉴 영역으로 바로가기
본문 영역으로 바로가기
NAVER
검색
한글 입력기
자동완성 레이어
사용자 링크
로그인
서비스 더보기
블로그
카페
이미지
클립
지식iN
인플루언서
동영상
쇼핑
뉴스
숏텐츠
어학사전
지도
도서
지식백과
학술정보
다음
더보기
공유
홍대 맛집 검색 결과
플레이스플레이스 검색결과 안내
플레이스 플러스
안내
내 업체 등록
신규장소 등록
전체필터
영업중
포장주문
줄 서지 않는 포장 주문하세요.
실시간예약
쿠폰
디어리스트 연남
양식
해정집
국밥
나래함박 홍대 연남동 본점
일식당
육산장 홍대본점
육류,고기요리
만월다방 시네마
카페,디저트
훠궈먹고 홍대점
중식당
봉마루집 합정점
한식
화산숯불구이
육류,고기요리
500m
© NAVER Corp.
지도보기
지도 확대
지도 축소
떡볶이
피자
주차
단체석
특별한메뉴
인테리어
신선한
대화
데이트
넓은
혼밥
회식
분위기좋은
사진맛집
새로오픈
이전
다음
디어리스트 연남
예약
톡톡
양식
홍대입구역 파스타 맛집
광고
영업 전리뷰 3,228매콤"
명동 맛집,명동 맛집 : 네이버 검색,"메뉴 영역으로 바로가기
본문 영역으로 바로가기
NAVER
검색
한글 입력기
자동완성 레이어
사용자 링크
로그인
서비스 더보기
블로그
카페
이미지
클립
지식iN
인플루언서
동영상
쇼핑
뉴스
숏텐츠
어학사전
지도
도서
지식백과
학술정보
다음
더보기
공유
명동 맛집 검색 결과
플레이스플레이스 검색결과 안내
플레이스 플러스
안내
내 업체 등록
신규장소 등록
서울특별시 중구 명동
명동 맛집
업체명 검색하기
전체필터
영업중
포장주문
포장 주문 가능한 맛집을 한눈에!
실시간예약
쿠폰
헤르지아
양식
달리181 을지로점
양식
워커 홀릭스
아시아음식
목멱산방 남산타워점
한식
세븐티포 명동성당본점
양식
훠궈먹고 명동점
중식당
남산산채집
별점
4.25
돈가스
서관면옥 신세계백화점 본점
냉면
1000m
© NAVER Corp.
지도보기
지도 확대
지도 축소
닭갈비
주차
단체석
특별한메뉴
신선한
인테리어
넓은
혼밥
회식
데이트
대화
뷰맛집
분위기좋은
새로오픈
이전
다음
헤르지아
예약
양식
무한도전이 찾았던 "
