데이터아이디,댓글순서,댓글내용,댓글작성자,댓글등록일
5.83633E+46,0,[ 보안점검 중 ] 열람금지,t***1,2022-04-06
5.83633E+46,1,[ 보안점검 중 ] 열람금지,t***1,2022-04-06
5.83633E+46,2,[ 보안점검 중 ] 열람금지,t***1,2022-04-06
5.83633E+46,3,[ 보안점검 중 ] 열람금지,t***1,2022-04-06
5.83633E+46,4,[ 보안점검 중 ] 열람금지,t***1,2022-04-06
3.78611E+45,0,[보안점검 중] 열람금지,t***1,2022-05-20
1.438E+46,0,이행점검,f*****o,2022-07-04
1.438E+46,1,이행점검,f*****o,2022-07-04
9.78237E+46,1,[보안점검] TEST,a***n,2023-02-06
3.75134E+46,0,[보안점검] TEST,a***n,2023-02-06
6.74756E+46,0,"<svg onpointerenter=confirm(""xss"")>",i******c,2023-02-06
8.14104E+46,0,svg onpointerenter=confirm('TEST'),t***1,2023-03-17
