영화명,페이지제목,본문
왕과 사는 남자,왕과 사는 남자 영화 : 네이버 검색,"메뉴 영역으로 바로가기
본문 영역으로 바로가기
NAVER
검색
한글 입력기
자동완성 레이어
사용자 링크
로그인
서비스 더보기
블로그
카페
이미지
클립
지식iN
인플루언서
동영상
쇼핑
뉴스
숏텐츠
어학사전
지도
도서
지식백과
학술정보
다음
더보기
공유
왕과 사는 남자 영화 검색 결과
왕과 사는 남자상영중
영화
The King's Warden
2026
문서 저장하기
전체
 
기본정보
 
출연/제작진
 
상영일정
 
관람평
 
무비클립
 
포토
 
리뷰
 
명대사
 
보러가기
 
추천영화
다음
동영상 바로재생
벗 뮤직비디오
 
동영상 바"
범죄도시4,범죄도시4 영화 : 네이버 검색,"메뉴 영역으로 바로가기
본문 영역으로 바로가기
NAVER
검색
한글 입력기
자동완성 레이어
사용자 링크
로그인
서비스 더보기
블로그
카페
이미지
클립
지식iN
인플루언서
동영상
쇼핑
뉴스
숏텐츠
어학사전
지도
도서
지식백과
학술정보
다음
더보기
공유
범죄도시4 영화 검색 결과
범죄도시4
영화
THE ROUNDUP : PUNISHMENT
2024
문서 저장하기
전체
 
기본정보
 
출연/제작진
 
관람평
 
무비클립
 
포토
 
리뷰
 
명대사
 
시리즈
 
편성표
 
보러가기
 
추천영화
다음
동영상 바로재생
메인 예고편
 
동영상"
파묘,파묘 영화 : 네이버 검색,"메뉴 영역으로 바로가기
본문 영역으로 바로가기
NAVER
검색
한글 입력기
자동완성 레이어
사용자 링크
로그인
서비스 더보기
이미지
블로그
카페
클립
지식iN
인플루언서
동영상
쇼핑
뉴스
숏텐츠
어학사전
지도
도서
지식백과
학술정보
다음
더보기
공유
파묘 영화 검색 결과
파묘
영화
Exhuma
2024
문서 저장하기
전체
 
기본정보
 
출연/제작진
 
관람평
 
무비클립
 
포토
 
리뷰
 
명대사
 
편성표
 
보러가기
 
추천영화
다음
동영상 바로재생
케미 듀오 예고편
 
동영상 바로재생
K-오컬트 가이드북
 
동영상 바로재생"
서울의봄,서울의봄 영화 : 네이버 검색,"메뉴 영역으로 바로가기
본문 영역으로 바로가기
NAVER
검색
한글 입력기
자동완성 레이어
사용자 링크
로그인
서비스 더보기
블로그
카페
이미지
클립
지식iN
인플루언서
동영상
쇼핑
뉴스
숏텐츠
어학사전
지도
도서
지식백과
학술정보
다음
더보기
공유
서울의봄 영화 검색 결과
서울의 봄
영화
12.12: THE DAY
2023
문서 저장하기
전체
 
기본정보
 
출연/제작진
 
관람평
 
무비클립
 
포토
 
리뷰
 
명대사
 
보러가기
 
추천영화
다음
동영상 바로재생
케미 맛집 영상
 
동영상 바로재생
캐릭터 탄생기
 
동영상 바"
탑건매버릭,탑건매버릭 영화 : 네이버 검색,"메뉴 영역으로 바로가기
본문 영역으로 바로가기
NAVER
검색
한글 입력기
자동완성 레이어
사용자 링크
로그인
서비스 더보기
블로그
카페
이미지
클립
지식iN
인플루언서
동영상
쇼핑
뉴스
숏텐츠
어학사전
지도
도서
지식백과
학술정보
다음
더보기
공유
탑건매버릭 영화 검색 결과
탑건: 매버릭개봉 D-13
영화
Top Gun: Maverick
2022
문서 저장하기
전체
 
기본정보
 
출연/제작진
 
관람평
 
무비클립
 
포토
 
리뷰
 
명대사
 
시리즈
 
편성표
 
보러가기
 
추천영화
다음
동영상 바로재생
톰 크루즈 대한민국"
